Индекс ВМО,Наименование станции,Широта,Долгота,Высота метеопл.,Начало наблюдений,Примечание
20046.0,Им.Э.Т.Кренкеля,80.61666666666666,58.05,21.0,1957.0,
20069.0,Остров Визе,79.5,76.98333333333333,12.0,1945.0,
20087.0,Им.Г.А.Ушакова (Голомянный),79.55,90.61666666666666,7.0,1930.0,До 2015г. наз. Остров Голомянный
20107.0,Баренцбург,78.06666666666666,14.25,73.0,1940.0,
20289.0,Русский,77.16666666666667,96.43333333333334,9.0,1935.0,Закрыта в 1999г.
20292.0,"Им.Е.К.Федорова, ОГМС",77.71666666666667,104.3,14.0,1932.0,До 17.01.1983г. наз. мыс Челюскин
20476.0,Стерлегова,75.41666666666667,88.9,10.0,1934.0,
20667.0,Им. М.В.Попова,73.33333333333333,70.05,4.0,1940.0,
20674.0,Остров Диксон,73.51666666666667,80.4,42.0,1916.0,
20744.0,Малые Кармакулы,72.36666666666666,52.71666666666667,18.0,1876.0,
20891.0,Хатанга,71.98333333333333,102.46666666666667,31.0,1906.0,12.01.1951г. перенос на 800м к ЮЮЗ
20946.0,Им. Е.К.Федорова,70.45,59.083333333333336,13.0,1959.0,До 1983г. наз. Болванский Нос
20982.0,Волочанка,70.96666666666667,94.5,37.0,1933.0,
21432.0,Остров Котельный,76.0,137.86666666666667,12.0,1933.0,14.09.2003г. перенос на 1.2км к З
21611.0,Терпяй-Тумса,73.55,118.66666666666667,12.0,1959.0,Законсервирована в 1997 г.
21647.0,Шалаурова,73.18333333333334,143.23333333333332,21.0,1928.0,Законсервирована в 2000 г.
21802.0,Саскылах,71.96666666666667,114.08333333333333,16.0,1935.0,01.02.1964г. перенос на 5км к Ю
21824.0,Тикси,71.58333333333333,128.91666666666666,6.0,1932.0,
21908.0,Джалинда,70.13333333333334,113.96666666666667,61.0,1942.0,
21921.0,Кюсюр,70.68333333333334,127.4,30.0,1909.0,
21931.0,Юбилейная,70.76666666666667,136.21666666666667,23.0,1934.0,11.05.1969г. перенос на 7км к СЗС
21946.0,Чокурдах,70.61666666666666,147.88333333333333,44.0,1939.0,20.05.1955г. перенос на 800м к ССВ.
21982.0,Остров Врангеля,70.98333333333333,181.51666666666668,18.0,1926.0,"Переносы: в 1929г. с берега на косу (1км), в 1932г. на старое место, в 1934г. с берега на косу, в 2010г. на ЮВ часть коренного берега о.Врангеля"
22003.0,Вайда-Губа,69.93333333333334,31.983333333333334,8.0,1961.0,
22019.0,Полярное,69.2,33.483333333333334,32.0,1985.0,
22028.0,Териберка,69.2,35.11666666666667,33.0,1983.0,
22095.0,Колгуев Северный,69.53333333333333,49.083333333333336,23.0,1971.0,1971г. - перенос на 11км к ЮВ
22101.0,Янискоски,68.96666666666667,28.783333333333335,99.0,1961.0,1965г.- ст. сгорела; 1969г.- открыта в 7км к СВ
22113.0,Мурманск,68.96666666666667,33.05,57.0,1966.0,
22140.0,Святой Нос,68.15,39.766666666666666,12.0,1985.0,
22165.0,Канин Нос,68.65,43.3,48.0,1966.0,
22204.0,Ковдор,67.56666666666666,30.45,246.0,1961.0,Перенос 27.09.1965г. на 1км к СВ
22217.0,Кандалакша,67.15,32.35,26.0,1966.0,
22235.0,Краснощелье,67.35,37.05,155.0,1971.0,
22249.0,Каневка,67.13333333333334,39.666666666666664,149.0,1971.0,
22271.0,Шойна,67.88333333333334,44.166666666666664,5.0,1971.0,
22292.0,Индига,67.68333333333334,48.68333333333333,3.0,1971.0,
22324.0,Умба,66.68333333333334,34.35,39.0,1971.0,
22355.0,Сосновец остров,66.48333333333333,40.68333333333333,15.0,1961.0,
22408.0,Калевала,65.21666666666667,31.15,118.0,1951.0,Перенос в 05.1964г. на 1км к З
22422.0,Гридино,65.9,34.766666666666666,9.0,1966.0,
22438.0,Жижгин,65.2,36.81666666666667,26.0,1961.0,
22471.0,Мезень,65.86666666666666,44.21666666666667,14.0,1971.0,
22520.0,Кемь порт,64.98333333333333,34.8,7.0,1966.0,
22550.0,Архангельск,64.5,40.733333333333334,8.0,1966.0,
22583.0,Койнас,64.75,47.65,63.0,1961.0,
22602.0,Реболы,63.833333333333336,30.816666666666666,180.0,1914.0,Перенос в1928г. на 1.5км к Ю
22619.0,Паданы,63.266666666666666,33.416666666666664,130.0,1951.0,
22641.0,Онега,63.9,38.11666666666667,11.0,1966.0,
22676.0,Сура,63.583333333333336,45.63333333333333,62.0,1971.0,
22768.0,Шенкурск,62.1,42.9,40.0,1971.0,
22802.0,Сортавала,61.71666666666667,30.716666666666665,17.0,1949.0,
22820.0,Петрозаводск,61.81666666666667,34.266666666666666,110.0,1949.0,Перенос в 06.1954г. на 1км к СВ
22837.0,Вытегра,61.016666666666666,36.45,55.0,1936.0,
22845.0,Каргополь,61.5,38.93333333333333,124.0,1971.0,
22854.0,Няндома,61.666666666666664,40.18333333333333,232.0,1961.0,
22887.0,Котлас,61.233333333333334,46.71666666666667,55.0,1966.0,
22892.0,Выборг,60.71666666666667,28.733333333333334,10.0,1951.0,
22907.0,Гогланд,60.083333333333336,26.983333333333334,5.0,1952.0,
22981.0,Великий Устюг,60.766666666666666,46.3,94.0,1961.0,
23022.0,Амдерма,69.76666666666667,61.68333333333333,53.0,1961.0,
23032.0,Марресаля,69.71666666666667,66.8,24.0,1961.0,
23058.0,Антипаюта,69.08333333333333,76.85,2.0,1961.0,
23074.0,Дудинка,69.4,86.16666666666667,14.0,1966.0,"27.09.2012г. прекращены наблюдения, 01.03.2015г. закрыта"
23114.0,Мыс Константиновский,68.55,55.5,5.0,1961.0,
23205.0,Нарьян-Мар,67.63333333333334,53.03333333333333,5.0,1966.0,
23219.0,Хоседа-Хард,67.08333333333333,59.38333333333333,82.0,1966.0,Закрыта 18.04.2016г.
23220.0,Елецкая,67.05,64.06666666666666,113.0,1961.0,
23242.0,Новый Порт,67.68333333333334,72.88333333333334,11.0,1961.0,
23256.0,Тазовский,67.48333333333333,78.71666666666667,26.0,1961.0,
23274.0,Игарка,67.46666666666667,86.56666666666666,25.0,1971.0,
23324.0,Петрунь,66.43333333333334,60.766666666666666,61.0,1971.0,
23330.0,Салехард,66.53333333333333,66.66666666666667,15.0,1961.0,"Перенос: 31.08.1973г. на 2км к В, 30.05.2002г. на 2км к В"
23331.0,Ра-Из,66.9,65.66666666666667,895.0,1961.0,"С 01.01.1998г. законсервирована, 01.08.2011г. закрыта"
23345.0,Ныда,66.61666666666666,72.9,5.0,1961.0,"Переносы: 22.09.1962г. на 4км к ЮЗ, 03.07.1988г. на 1км к ЗЮЗ"
23365.0,Сидоровск,66.6,82.3,34.0,1961.0,"С 01.09.1997г. законсервирована, с 01.08.2011г. закрыта"
23383.0,Агата,66.88333333333334,93.46666666666667,277.0,1971.0,
23405.0,Усть-Цильма,65.43333333333334,52.266666666666666,78.0,1966.0,
23412.0,Усть-Уса,65.96666666666667,56.916666666666664,77.0,1961.0,
23418.0,Печора,65.11666666666666,57.1,53.0,1966.0,Перенос в 1973г. на 1.2км к ССЗ
23445.0,Надым,65.48333333333333,72.68333333333334,14.0,1961.0,"Переносы: 26.09.1963г. на 10км к ЮЗ, 22.10.1977г. на 10км к ЮВ"
23463.0,Янов Стан,65.98333333333333,84.26666666666667,41.0,1971.0,
23472.0,Туруханск,65.78333333333333,87.93333333333334,38.0,1936.0,"Переносы: 10.08.1953г. на 1.5км к СЗ, в 08.1959г. на 4км к ЮВ"
23514.0,Ираель,64.51666666666667,55.4,156.0,1961.0,
23527.0,Саранпауль,64.28333333333333,60.88333333333333,28.0,1961.0,
23552.0,Тарко-Сале,64.91666666666667,77.76666666666667,26.0,1961.0,"Переносы: в 07.1967г. на 2км к С, 07.10.1992г. на 1.5км к ЮЗ"
23589.0,Тутончаны,64.2,93.78333333333333,105.0,1961.0,
23631.0,Березово,63.916666666666664,65.03333333333333,27.0,1937.0,"Переносы: в 10.1969г. на 2км к ЮЮЗ, 30.06.1983г. на 1.5км к ЮЗ"
23656.0,Халясавэй,63.38333333333333,78.31666666666666,66.0,1961.0,В 1993-1996гг. была законсервирована
23662.0,Толька,64.0,82.05,31.0,1961.0,
23678.0,Верхнеимбатск,63.15,87.95,46.0,1971.0,
23707.0,Усть-Вымь,62.233333333333334,50.416666666666664,107.0,1961.0,
23711.0,Троицко-Печорск,62.7,56.2,134.0,1966.0,
23724.0,Няксимволь,62.43333333333333,60.86666666666667,50.0,1941.0,
23734.0,Октябрьское,62.45,66.05,70.0,1961.0,Перенос 12.08.1962г. на 1.5км к С
23804.0,Сыктывкар,61.68333333333333,50.78333333333333,116.0,1966.0,В 1982г. перенос из аэропорта на территорию ГМО
23867.0,Ларьяк,61.1,80.25,55.0,1961.0,
23884.0,Бор,61.6,90.01666666666667,62.0,1936.0,"Переносы: 15.10.1957г. на 1.5км к В, 22.10.1976г. на 2.5км к ЮВ"
23891.0,Байкит,61.666666666666664,96.36666666666666,247.0,1939.0,
23904.0,Койгородок,60.45,50.96666666666667,124.0,1961.0,
23914.0,Чердынь,60.4,56.516666666666666,208.0,1966.0,
23921.0,Ивдель,60.68333333333333,60.45,93.0,1936.0,Перенос 31.10.1959г. на 3.5км к ЮВ
23933.0,Ханты-Мансийск,61.03333333333333,69.11666666666666,44.0,1962.0,"Перенос 20.09.2006г., коорд. стали: 61°01′-69°07′. В 2015г. координаты стали 61°02′-69°07′"
23946.0,Угут,60.5,74.01666666666667,47.0,1961.0,
23955.0,Александровское,60.43333333333333,77.86666666666666,47.0,1936.0,"Переносы: 29.09.1954г. на 1.5км к СЗ, 1.07.1959г. на 3км к СЗ"
23966.0,Ванжиль-Кынак,60.35,84.08333333333333,98.0,1971.0,
23986.0,Северо-Енисейский,60.38333333333333,93.03333333333333,513.0,1971.0,
24076.0,Депутатский,69.38333333333334,139.88333333333333,281.0,1961.0,
24105.0,Ессей,68.46666666666667,102.36666666666666,272.0,1966.0,Законсервирована с 25.12.1998г.
24125.0,Оленек,68.51666666666667,112.48333333333333,195.0,1937.0,Перенос в 03.1965г. на 2 км к ВСВ
24136.0,Сухана,68.61666666666666,118.33333333333333,78.0,1961.0,
24143.0,Джарджан,68.73333333333333,124.0,38.0,1966.0,
24266.0,Верхоянск,67.56666666666666,133.4,136.0,1936.0,"Переносы: 30.10.1940г. на 1.5км к ССВ, 27.04.1947г. на 2.5км к ЮЮВ в р-н аэропорта, 06.09.1999г. из аэропорта на АЭ на 2.5-3км к ЮЗ"
24329.0,Шелагонцы,66.25,114.28333333333333,233.0,1966.0,
24343.0,Жиганск,66.78333333333333,123.36666666666666,88.0,1936.0,Перенос 4.09.1957г. на 1км к СЗ
24371.0,Усть-Чаркы,66.8,136.68333333333334,274.0,1961.0,
24382.0,Усть-Мома,66.45,143.21666666666667,195.0,1961.0,
24507.0,Тура (Эвенкийский),64.26666666666667,100.23333333333333,188.0,1936.0,Перенос 25.07.1962г. на 500м к СВ
24538.0,Чумпурук,64.23333333333333,116.91666666666667,137.0,1961.0,
24606.0,Кислокан,63.583333333333336,103.96666666666667,209.0,1971.0,
24641.0,Вилюйск,63.78333333333333,121.61666666666666,111.0,1936.0,Перенос 10.11.1956г. на 1км к ЮВ
24643.0,Хатырык-Хомо,63.95,124.83333333333333,76.0,1961.0,
24661.0,Сеген-Кюель,64.0,130.3,208.0,1961.0,
24671.0,Томпо,63.95,135.86666666666667,399.0,1961.0,
24688.0,Оймякон,63.25,143.15,740.0,1939.0,
24713.0,Наканно,62.88333333333333,108.43333333333334,246.0,1961.0,
24726.0,Мирный,62.53333333333333,113.86666666666666,351.0,1961.0,
24738.0,Сунтар,62.166666666666664,117.63333333333334,130.0,1936.0,"Переносы: 21.09.1960г. на 1.5км к СВ, 10.09.1973г. на 2.5км к С"
24763.0,Крест-Хальджай,62.8,134.48333333333332,130.0,1961.0,
24790.0,Сусуман,62.78333333333333,148.16666666666666,646.0,1961.0,
24802.0,Стрелка Чуня,61.75,102.8,357.0,1961.0,
24817.0,Ербогачён,61.266666666666666,108.01666666666667,284.0,1941.0,
24908.0,Ванавара,60.333333333333336,102.3,259.0,1936.0,Перенос 01.10.1956г. на 1км к ЮВ
24923.0,Ленск,60.733333333333334,114.83333333333333,238.0,1961.0,Переносы: 04.10.1981г. на 1км к СВ
24933.0,Килеер,60.95,119.3,247.0,1961.0,
24944.0,Олекминск,60.4,120.41666666666667,225.0,1936.0,"Переносы: с 08.1938г. на 1.5км к ЮВ, с 01.1945г. в 4км к ССВ"
24951.0,Исить,60.81666666666667,125.31666666666666,123.0,1961.0,Переносы: 16.10.2002г. на 1.5км к ЗСЗ
24959.0,Якутск,62.0,129.66666666666666,98.0,1936.0,Перенос: 01.11.1964г. на 700-800м к СЗ
24966.0,Усть-Мая,60.35,134.45,171.0,1936.0,15.09.1943г. перенос в с. Чаран (бывшее с. Петропавловское)
24967.0,Тегюлтя,60.46666666666667,130.0,173.0,1961.0,
24982.0,Уега,60.71666666666667,142.78333333333333,396.0,1961.0,
25034.0,Бухта Амбарчик,69.61666666666666,162.3,24.0,1933.0,
25042.0,Им. В.С.Сидорова (Айон),69.93333333333334,167.98333333333332,13.0,1942.0,
25062.0,Мыс Биллингса,69.88333333333334,175.76666666666668,2.0,1935.0,
25138.0,Островное,68.11666666666666,164.16666666666666,98.0,1933.0,
25173.0,Мыс Шмидта,68.9,-178.36666666666667,2.0,1932.0,Перенос в 1953 г. на 7км к В. Законсервирована с 01.09.2013г.
25206.0,Среднеколымск,67.45,153.71666666666667,20.0,1887.0,
25248.0,Илирней,67.25,167.96666666666667,352.0,1944.0,"С 07.10.2015г. наблюдения прекращены, нет штата."
25282.0,Мыс Ванкарем,67.83333333333333,-174.16666666666666,3.0,1934.0,
25325.0,Усть-Олой,66.55,159.41666666666666,127.0,1943.0,С 19.08.2013г. временно законсервирована
25356.0,Эньмувеем,66.38333333333334,173.33333333333334,78.0,1946.0,
25372.0,"Амгуэма,87км",67.01666666666667,-177.06666666666666,139.0,1951.0,Законсервирована с 01.09.1995 г.
25378.0,Эгвекинот,66.35,-178.88333333333333,18.0,1950.0,Перенос 19.12.1957г. на 9км к С
25399.0,Уэлен,66.16666666666667,-168.16666666666666,5.0,1918.0,
25400.0,Зырянка,65.73333333333333,150.9,41.0,1935.0,12.08.1937г. перенос на 16.6км к Ю в п.Зырянка
25428.0,Омолон,65.23333333333333,160.53333333333333,260.0,1944.0,Перенос 25.12.1953г. на 1км к Ю
25503.0,Коркодон,64.75,153.96666666666667,97.0,1935.0,Перенос 02.09.1940г. на 7км вверх по течению р.Колымы к устью р.Коркодон
25538.0,Верхне-Пенжино,64.21666666666667,164.23333333333332,324.0,1944.0,
25551.0,Марково,64.68333333333334,170.41666666666666,25.0,1894.0,"Перенос в 1940г. на 25км к В, в 10.1942г. обратно в Марково"
25563.0,Анадырь,64.78333333333333,177.56666666666666,64.0,1889.0,Переносы: в 1913г. на 5км к ЮЗ (из п.Комбинат в п.Анадырь) и 1.12.1935г. обратно
25594.0,Бухта Провидения,64.38333333333334,-172.76666666666668,25.0,1934.0,"В 1938г. перенос в р-н аэропорта (на другой берег реки), в 1940г. в с.Урелики, в 2001г. в аэропорт Провидения. С 01.09.2013г. законсервирована"
25621.0,Кедон,64.0,158.91666666666666,682.0,1945.0,Законсервирована с 01.08.2003г.
25656.0,Березово,63.45,172.7,200.0,1944.0,Законсервирована с 03.05.1995г.
25677.0,Беринговская,63.016666666666666,179.28333333333333,3.0,1944.0,С 1996г. по 2006г. наблюдения не проводились. С 01.09.2013г. законсервирована
25703.0,Сеймчан,62.916666666666664,152.41666666666666,206.0,1933.0,"Перенос в 12.1941г. на 1.5км к С, в 1998г. на 1.8км к С"
25705.0,Среднекан,62.45,152.31666666666666,264.0,1933.0,"Переносы: 22.10.1934г. на 1.7км к ЮЗ, 25.10.1936г. обратно, но на 500м к ЮЮЗ"
25744.0,Каменское,62.483333333333334,166.21666666666667,35.0,1949.0,"Перенос 13.07.1964г. на 7км к СВ (коорд. 62°26′ -166°05′), в 11.2002г. на 7км к ЮЗ"
25767.0,Хатырка,62.05,175.2,11.0,1954.0,Законсервирована с 01.09.2013г.
25777.0,Бухта Гавриила,62.416666666666664,179.13333333333333,4.0,1935.0,Законсервирована с 01.09.1995г.
25912.0,Ола,59.56666666666667,151.28333333333333,4.0,1914.0,
25913.0,Магадан (Нагаево),59.55,150.78333333333333,115.0,1930.0,Перенос 17.02.1937г. на 1.7км к ЮВ
25916.0,"Алевина, мыс",58.833333333333336,151.35,64.0,1962.0,
25922.0,Шелихова,60.71666666666667,155.88333333333333,34.0,1960.0,
25927.0,Брохово,59.65,154.26666666666668,7.0,1933.0,
25932.0,Тайгонос,60.68333333333333,160.4,45.0,1949.0,Законсервирована с 15.07.2013г.
25954.0,Корф,60.35,166.0,2.0,1929.0,Закрыта 08.10.2011г.
25956.0,Апука,60.43333333333333,169.66666666666666,3.0,1932.0,
26063.0,Санкт-Петербург,59.96666666666667,30.3,3.0,1743.0,Перенос в 07.1933г. на 5км к ССЗ
26069.0,Белогорка,59.35,30.133333333333333,88.0,1926.0,
26094.0,Тихвин,59.65,33.55,61.0,1938.0,"Переносы: в 12.1946г. на 3.5км к СЗ, в 10.1955г. на 2.5км к ВЮВ"
26157.0,Гдов,58.733333333333334,27.833333333333332,39.0,1916.0,"Переносы: в 12.1944г. на 5км к С, в 11.1947г. обратно, в 07.1954г. на 3.3км к СВ"
26258.0,Псков,57.81666666666667,28.333333333333332,43.0,1874.0,"Переносы: в 03.1910г. на 1км к СЗ, в 09.1934г. на 1км к С, в 08.1944г. на 2.8км к ССЗ, в 06.1957г. на 3.7км к ЮЮЗ"
26275.0,Старая Русса,58.016666666666666,31.316666666666666,24.0,1901.0,
26298.0,Бологое,57.9,34.05,186.0,1928.0,Переносы: 27.10.1930г. на 1км к СЗ; 08.06.1957г. на 1км к С
26359.0,Пушкинские Горы,57.016666666666666,28.9,108.0,1931.0,
26477.0,Великие Луки,56.35,30.616666666666667,104.0,1880.0,"Переносы: в 12.1933г. на 10км к ССВ, с 02.1946г. в д. Зимари в 5км к ССВ от г. Великие Луки, в 09.1946г. на 2км к ЮЮЗ"
26479.0,Торопец,56.483333333333334,31.633333333333333,187.0,1923.0,
26499.0,Старица,56.5,34.93333333333333,184.0,1892.0,Переносы: в 1941г. на 1км к ССВ; 17.07.1987г. на 1.5км к ЗСЗ
26614.0,Советск,55.083333333333336,21.933333333333334,37.0,1881.0,
26701.0,Балтийск,54.65,19.883333333333333,4.0,1948.0,
26702.0,Калининград,54.7,20.616666666666667,20.0,1848.0,
26706.0,Железнодорожный,54.36666666666667,21.3,49.0,1950.0,
26781.0,Смоленск,54.75,32.06666666666667,236.0,1887.0,Перенос в 1936г. на 2км на территорию аэропорта
26898.0,Брянск,53.25,34.31666666666667,214.0,1928.0,"1928-1935гг. – данные ст.Брянск, ж.д. (коорд.53°13′-34 о26’); 1935-1945гг. – данные ст. Брянск,АМСГ (коорд.53°18′-34 о18’); перенос 26.06.1946г. на 6,5км к СЗ (коорд.53°20′-34 о14’); с 1966г.-1987г. данные ст. Брянск, агро и с 1988г. ст.Брянск (коорд.53°15′-34 о19’)"
26976.0,Красная Гора,53.016666666666666,31.6,147.0,1934.0,
26997.0,Трубчевск,52.583333333333336,33.766666666666666,177.0,1930.0,Перенос в 1983г. на 7км к ССЗ
27008.0,Бабаево,59.4,35.93333333333333,136.0,1926.0,Перенос в 1933г. на 3.5км к СЗ
27037.0,Вологда,59.31666666666667,39.93333333333333,125.0,1844.0,Переносы: 15.09.1959г. на 2км к Ю и 02.08.1982г. на 1км к ССЗ
27051.0,Тотьма,59.88333333333333,42.75,134.0,1883.0,Перенос в 05.1939г. на 1км к С
27066.0,Никольск,59.53333333333333,45.46666666666667,142.0,1904.0,Перенос 29.09.1966г. на 1.5км к С
27083.0,Опарино,59.85,48.28333333333333,179.0,1931.0,
27164.0,Кологрив,58.81666666666667,44.31666666666667,150.0,1897.0,Перенос в 1963г. на 4км к СВ
27208.0,Максатиха,57.8,35.9,140.0,1926.0,"Переносы: 03.11.1942г. на 1.5км к В, 29.07.1988г. на 1.5км к З"
27225.0,Рыбинск,58.1,38.68333333333333,104.0,1949.0,
27277.0,Ветлуга,57.85,45.766666666666666,133.0,1924.0,Перенос: 28.02.1934г. на 1.6км к ЮЗ
27296.0,Кумены,58.1,49.916666666666664,175.0,1927.0,
27333.0,Кострома,57.733333333333334,40.78333333333333,125.0,1842.0,Перенос 1.09.1992г. на 10км к ЗЮЗ в д.Коряково
27385.0,Яранск,57.36666666666667,47.916666666666664,103.0,1923.0,
27425.0,Переславль-Залесский,56.71666666666667,38.833333333333336,174.0,1921.0,"Переносы: 10.10.1938г. на 1км к ЮЮВ, в 1953г. на 1км к ЮЮВ"
27459.0,Нижний Новгород,56.266666666666666,44.0,161.0,1835.0,"Переносы в 05.1922г. на 2-3км к ЮВ, в 07.1932г. на 7км к ЮЮЗ"
27485.0,Йошкар-Ола,56.63333333333333,47.766666666666666,116.0,1926.0,"Переносы: 20.09.1931г. на 1км к ЮЮВ, 25.08.1939г. на 4км к З, в 1986г. на 1км к З, в 2010г. на 9.5км к ЮЗ"
27509.0,Можайск,55.516666666666666,36.0,184.0,1932.0,Перенос 31.01.1942г. на 2км к СЗ
27595.0,Казань,55.733333333333334,49.2,116.0,1812.0,"До 11.1925г. Казань (Университет), координаты - 55°47′ - 49°08′. С 11.1925г. Казань (опорная)"
27612.0,"Москва, ВДНХ",55.833333333333336,37.61666666666667,147.0,1948.0,
27625.0,Коломна,55.13333333333333,38.733333333333334,112.0,1913.0,"Переносы: в 1930г. на 2км к СЗ, в 12.1955г. на 5км к СЗ"
27648.0,Елатьма,54.96666666666667,41.75,132.0,1885.0,
27665.0,Лукоянов,5.033333333333333,44.5,217.0,1886.0,
27675.0,Порецкое,55.18333333333333,46.333333333333336,136.0,1891.0,
27707.0,Сухиничи,54.083333333333336,35.35,237.0,1926.0,Перенос 02.02.1960г. на 1.5км к ВЮВ
27730.0,Рязань,54.583333333333336,39.7,155.0,1931.0,Перенос в 1942г. на 2км в аэропорт
27756.0,Краснослободск,54.43333333333333,43.766666666666666,185.0,1934.0,"Переносы: 09.01.1958г. на 2.5км к СЗ, в 1986г. на 1км к ЮВ"
27814.0,Плавск,53.65,37.233333333333334,240.0,1963.0,
27823.0,Павелец,53.78333333333333,39.233333333333334,209.0,1927.0,
27857.0,Земетчино,53.483333333333334,42.63333333333333,131.0,1880.0,Перенос 26.09.1957г. на 1.5км к ЮВ
27872.0,Инза,53.85,46.416666666666664,175.0,1925.0,"Переносы: 01.01.1963г. на 1.5км к ЮЮЗ, в 1985г. на 5.5км к В"
27947.0,Тамбов,52.8,41.483333333333334,127.0,1845.0,"Переносы: 24.09.1948г. на 6км к СВ, 15.05.1952г. на 8км к С, 30.09.1957г.на 1.7км к Ю"
27962.0,Пенза,53.11666666666667,45.016666666666666,169.0,1850.0,Перенос в 1969г. на 9км к Ю
27995.0,Безенчук,52.983333333333334,49.43333333333333,45.0,1904.0,
28009.0,Кирс,59.35,52.25,167.0,1902.0,"Переносы: в 1954г. на 5км к СЗ, в 2009г. на 3.5км к ЮВ"
28064.0,Леуши,59.63333333333333,65.71666666666667,70.0,1927.0,
28138.0,Бисер,58.516666666666666,58.85,463.0,1888.0,
28144.0,Верхотурье,58.86666666666667,60.78333333333333,124.0,1890.0,
28224.0,Пермь,58.0,56.333333333333336,171.0,1866.0,"Переносы: 16.04.1938г. на 2км из центра города на северную окраину п.Балатово, 18.10.1951г. на 5км к ВЮВ от центра города на территорию опытной станции"
28255.0,Туринск,58.05,63.68333333333333,101.0,1926.0,"Переносы: в 05.1956г. на 1км к СЗ, в 10.1963г. на 2.5км к СЗ"
28275.0,Тобольск,58.15,68.25,45.0,1884.0,"Закрыта в 1957г., 19.06.1957г. открыта Тобольск, аэрол., затем Тобольск, ОГМС; в наст. время Тобольск"
28312.0,Дебесы,57.63333333333333,53.81666666666667,187.0,1936.0,
28367.0,Тюмень,57.11666666666667,65.41666666666667,101.0,1950.0,
28402.0,Кильмезь,56.9,51.06666666666667,143.0,1936.0,"Переносы: 10.12.1977г. на 5км к Ю, 23.10.1992г. на 3.5км к ССЗ"
28411.0,Ижевск,56.833333333333336,53.45,155.0,1933.0,"Переносы: в 06.1951г. на 5км к В, координаты 
56 o51’-53 o18’; 30.10.1974г. на 10км к В, координаты 56 o50’-53 o27’; 25.07.1977г. на 1.4км к СВ"
28418.0,Сарапул,56.46666666666667,53.733333333333334,135.0,1923.0,Перенос 18.09.1970г. на 5км к ЮЗ
28419.0,Янаул,56.266666666666666,54.9,98.0,1926.0,Перенос в 11.1943г. на 2км к СВ
28434.0,Красноуфимск,56.65,57.78333333333333,205.0,1926.0,Перенос 5.11.1956г. на 6км к С
28440.0,Екатеринбург,56.833333333333336,60.63333333333333,280.0,1831.0,Перенос в 1969г. на 1.5км к Ю
28445.0,Верхнее Дуброво,56.733333333333334,61.06666666666667,286.0,1936.0,
28493.0,Тара,56.9,74.38333333333334,73.0,1887.0,"Переносы: 15.08.1936г. на 2.5км на территорию опытной станции, 02.10.1951г. на 5км к ЮЗ. С 02.05.1960 г. данные станции Тара, ОГМС"
28506.0,Елабуга,55.766666666666666,52.05,90.0,1843.0,
28537.0,Дуван,55.7,57.9,337.0,1936.0,Перенос в 06.1956г. на 1км к СВ
28552.0,Шадринск,56.06666666666667,63.65,88.0,1894.0,Перенос 21.11.1955г. на 3км к СЗ
28561.0,Памятное,56.016666666666666,65.7,66.0,1956.0,
28573.0,Ишим,56.1,69.43333333333334,82.0,1925.0,
28624.0,Кушнаренково,55.13333333333333,55.35,98.0,1929.0,Перенос в 1947г. на 2км к ЮЗ
28630.0,Златоуст,55.166666666666664,59.666666666666664,532.0,1818.0,Перенос в 1958г. на 1км к СЗ
28661.0,Курган,55.45,65.4,71.0,1893.0,"Переносы: в 08.1942г. на 2км к СВ; в 06.1976г. на 1.65км к ССЗ; в 06.1994г. на 1.5км к ЮЮЗ, в 2014г. на 1.3км к Ю"
28666.0,Макушино,55.25,67.3,138.0,1926.0,"Переносы: 23.10.1929г. на 2км к С, 29.10.1954г. на 1км к ССВ"
28698.0,Омск,55.016666666666666,73.38333333333334,121.0,1875.0,"До 1916г. данные ст.Омск, город (координаты: 54°58′-73°23′). С 1916г. до 1935г. данные станции Омск, оп. п. (координаты: 55°01′-73°19′). С 1935г. – Омск, степная; с 10.04.1962г. - Омск, отдел наблюдений; с 08.1983г.- Омск, ОГМС (координаты: 55°01′-73°23′)"
28704.0,Чулпаново,54.5,50.416666666666664,76.0,1929.0,
28719.0,Аксаково,54.03333333333333,54.15,350.0,1932.0,
28722.0,Уфа,54.71666666666667,55.833333333333336,104.0,1853.0,"Уфа 1 до 1957г., Уфа,Дема с 27.06.1957г."
28748.0,Троицк,54.083333333333336,61.61666666666667,192.0,1887.0,Перенос в 1974г. на 1км к ЗСЗ
28802.0,Серноводск,53.916666666666664,51.266666666666666,112.0,1917.0,"Переносы: в 1915г. на 7км к СВ, в 1965г. на 1.5км к ССЗ"
28823.0,Тукан,53.86666666666667,57.416666666666664,551.0,1935.0,
28825.0,Стерлитамак,53.583333333333336,56.0,136.0,1924.0,"Переносы: 19.07.1963г. на 7км к ЮЮЗ, в 1984г. на 1.2км к ССВ"
28833.0,Верхнеуральск,53.88333333333333,59.2,401.0,1903.0,Переносы:29.10.1935г. и 01.03.1960г. на 1.5км к З
28895.0,Русская Поляна,53.78333333333333,73.88333333333334,127.0,1954.0,
29023.0,Напас,59.85,81.95,77.0,1932.0,"Перенос 07.06.1948г. к СЗ с правого берега реки Тыма на левый берег, координаты изменились: широта на 5´, долгота на 2´"
29111.0,Средний Васюган,59.21666666666667,78.23333333333333,68.0,1913.0,
29154.0,Усть-Озерное,58.88333333333333,87.75,113.0,1932.0,Перенос 23.05.1949г. на 3км к С
29231.0,Колпашевская,58.31666666666667,82.95,73.0,1925.0,"Переносы: 04.12.1935г. на 9км к З, 14.10.1947г. на 2км к В, в 1984г. на 2км к В"
29263.0,Енисейск,58.45,92.15,77.0,1853.0,До 1915г. переносилась 15 раз без изменения координат
29282.0,Богучаны,58.38333333333333,97.45,131.0,1930.0,Перенос 09.12.1960г. на 2км к СЗ
29313.0,Пудино,57.56666666666667,79.43333333333334,96.0,1927.0,"Переносы: в 1930г. на 2км в п.Лушниково, в 1954г. на 1км к СЗ"
29328.0,Бакчар,57.0,82.06666666666666,109.0,1934.0,Перенос в 1981г. на 2км к ЮЮВ
29348.0,Первомайское,57.06666666666667,86.21666666666667,114.0,1910.0,
29379.0,Тасеево,57.2,94.55,163.0,1988.0,
29393.0,Червянка,57.65,99.53333333333333,219.0,1940.0,
29418.0,Северное,56.333333333333336,78.36666666666666,124.0,1936.0,Перенос 16.10.1953г. на 1.5км к СЗ
29430.0,Томск,56.5,84.91666666666667,141.0,1837.0,Перенос 18.04.1934г. на 2км от южной окраины города
29467.0,Ачинск,56.28333333333333,90.51666666666667,265.0,1894.0,Перенос 15.12.1956г. на 1км к Ю. До 2003г. наз Ачинск ж.д.ст.
29539.0,Болотное,55.666666666666664,84.4,191.0,1928.0,Перенос 26.07.1956г. на 2км к ВЮВ
29541.0,Тайга,56.06666666666667,85.61666666666666,250.0,1900.0,Перенос 22.09.1936г. на 2км в ЮЗ часть города
29557.0,Тисуль,55.75,88.3,210.0,1926.0,"Переносы: 11.12.1937г. на 1.5км на южную окраину села, 30.06.1957г. на 2км к З"
29570.0,Красноярск опыт.поле,56.03333333333333,92.75,277.0,1914.0,
29580.0,Солянка,56.166666666666664,95.26666666666667,359.0,1931.0,
29594.0,Тайшет,55.95,98.0,305.0,1902.0,Перенос 24.08.1940г. на 1.5км к С
29605.0,Татарск,55.21666666666667,76.01666666666667,112.0,1899.0,"Переносы: 29.10.1935г. на 3км к ССВ, 30.07.1949г. на 1.2км к ССВ на восточную окраину города"
29612.0,Барабинск,55.333333333333336,78.36666666666666,119.0,1900.0,"Переносы: 31.05.1939г. на 2-2.5км к С, 20.10.1949г. на 4км к ЮЗ"
29638.0,Огурцово,54.9,82.95,131.0,1930.0,Перенос в 1942г. на 4км к ЮЗ
29645.0,Кемерово (Новостройка),55.25,86.21666666666667,148.0,1965.0,Перенос в 1985г. на 1км к З
29664.0,Светлолобово,55.1,90.83333333333333,326.0,1958.0,
29698.0,Нижнеудинск,54.88333333333333,99.03333333333333,410.0,1941.0,
29752.0,Ненастная,54.75,88.81666666666666,1186.0,1932.0,
29789.0,Верхняя Гутара,54.21666666666667,96.96666666666667,983.0,1935.0,
29822.0,Камень-на-Оби,53.81666666666667,81.26666666666667,127.0,1901.0,Переносы: в 06.1983г. на 15км к З; в 08.1989г. на 10км к В
29838.0,Барнаул,53.43333333333333,83.51666666666667,183.0,1838.0,"До 1950г. координаты: 53 o20’-83o48’,
с 1950г. координаты: 53 o22’-83o42’
Перенос 12.09.1970г. на 8км к З, с 2005г. коорд. 53 o26’-83o31’"
29849.0,Кузедеево,53.333333333333336,87.18333333333334,293.0,1940.0,
29858.0,Неожиданный,53.28333333333333,89.06666666666666,527.0,1941.0,
29862.0,Абакан (Хакасский),53.766666666666666,91.31666666666666,254.0,1928.0,
29866.0,Минусинск,53.71666666666667,91.7,254.0,1885.0,"1885-1914гг..- Минусинск, музей, с 1915г. – Минусинск, оп.поле. Перенос 25.06.1990г. на 800м к СЗ"
29915.0,Славгород,52.96666666666667,78.65,125.0,1925.0,Перенос 08.12.1936г. на 2км к ЮЗ
29923.0,Ребриха,53.083333333333336,82.33333333333333,218.0,1939.0,Перенос в 1977г. на 3км к ЗСЗ
29939.0,Бийск-Зональная,52.68333333333333,84.93333333333334,224.0,1934.0,Перенос в 1990г. на 2км к З
29974.0,Оленья Речка,52.8,93.23333333333333,1404.0,1926.0,
29998.0,Орлик,52.5,99.81666666666666,1376.0,1934.0,
30028.0,Ика,59.28333333333333,106.16666666666667,350.0,1944.0,
30054.0,Витим,59.45,112.58333333333333,186.0,1929.0,Перенос в 1962г. на 2км к Ю
30069.0,Перевоз,59.0,116.91666666666667,330.0,1937.0,
30089.0,Джикимда,59.016666666666666,121.76666666666667,174.0,1939.0,
30209.0,Ершово,57.11666666666667,102.3,371.0,1973.0,
30219.0,Максимово,57.1,104.96666666666667,354.0,1912.0,
30230.0,Киренск,57.766666666666666,108.06666666666666,256.0,1892.0,"Переносы: в 11.1909г. на 1.5км к В, в 06.1931г. на наб. р.Лена, 15.08.1933 г. на правый берег р.Лена. В 09.1940г. орг. АМСГ в 2.5-3км от прежней станции на левом берегу р.Лена, в 07.1942г. на 1.5км к ЮЮВ (правый берег)"
30252.0,Мамакан,57.81666666666667,114.01666666666667,244.0,1957.0,
30253.0,Бодайбо,57.86666666666667,114.23333333333333,274.0,1931.0,
30309.0,Братск,56.28333333333333,101.75,411.0,1901.0,"Перенос в 12.1956г. на 4км к СЗ и до 01.05.1961г. - Братск,АМСГ, с 01.05.1961г. – Братск, ГМО, с 14.01.1991г. – Братск, ЦГМС"
30328.0,Орлинга,56.05,105.83333333333333,338.0,1932.0,
30337.0,Казачинское,56.31666666666667,107.61666666666666,355.0,1942.0,"Переносы: в 1952г. на 1-1.5км к ЮЗ, в 1966г. на 1км к СЗ"
30356.0,Таксимо,56.38333333333333,114.83333333333333,513.0,1964.0,
30372.0,Чара,56.9,118.26666666666667,709.0,1938.0,"Переносы: в 09.1949г. на 1км к СВ (коорд.56 °55′ - 118°22′), 01.01.1969г. на 1км к ЮЗ"
30385.0,Усть-Нюкжа,56.583333333333336,121.5,440.0,1938.0,
30393.0,Чульман,56.833333333333336,124.86666666666666,855.0,1927.0,"Переносы: 01.08.1966г.на 6км к С, в 09.1987г. на 3км к С"
30433.0,Нижнеангарск,55.78333333333333,109.58333333333333,477.0,1933.0,Перенос в 06.1951г.на 3км к ССВ
30437.0,Карам,55.15,107.61666666666666,495.0,1909.0,Перенос в 1977г. на 1.5км
30469.0,Калакан,55.11666666666667,116.76666666666667,612.0,1935.0,Закрыта с 01.04.2014г.
30471.0,Средний Калар,55.86666666666667,117.36666666666666,748.0,1938.0,"С 15.05.2015г. законсервирована, с 01.07.2015г. закрыта"
30484.0,Средняя Олекма,55.43333333333333,120.55,526.0,1950.0,
30493.0,Нагорный,55.95,124.91666666666667,845.0,1935.0,
30504.0,Тулун,54.6,100.63333333333334,523.0,1899.0,"Переносы: в конце 1907г. на 7км к СВ, 01.08.1951г. на 1.3км к В"
30521.0,Жигалово,54.8,105.16666666666667,417.0,1938.0,"Переносы: 07.09.1967г. на 3км, 03.10.2001г. на 3км к ЗСЗ"
30536.0,Баргузинский заповедник,54.333333333333336,109.53333333333333,468.0,1954.0,
30554.0,Багдарин,54.43333333333333,113.58333333333333,901.0,1936.0,Перенос в 05.1951г. на 1.4км к СВ
30555.0,Троицкий Прииск,54.583333333333336,113.15,1315.0,1938.0,
30565.0,Усть-Каренга,54.43333333333333,116.53333333333333,686.0,1948.0,
30612.0,Балаганск,54.0,103.06666666666666,428.0,1962.0,
30627.0,Баяндай,53.1,105.53333333333333,757.0,1911.0,Перенос в 06.1912г. на 12км к С
30632.0,Большой Ушканий о-в,53.85,108.58333333333333,458.0,1950.0,
30635.0,Усть-Баогузин,53.416666666666664,109.01666666666667,459.0,1933.0,Перенос 15.03.1960г. на 1км к ЮЗ
30636.0,Баргузин,53.61666666666667,109.63333333333334,488.0,1898.0,"Переносы: в 03.1936г. на 1км к СЗ, в 1952г. на 2км к З"
30650.0,Романовка,53.2,112.78333333333333,920.0,1913.0,"Переносы: в 10.1955г. на 3км к ЮЗ, в 01.1963г. на 1км к З"
30673.0,Могоча,53.75,119.73333333333333,624.0,1910.0,Перенос в 1937г. на 1км к СЗ
30692.0,Сковородино,54.0,123.96666666666667,397.0,1911.0,Перенос в 11.1932г. на 3км к СВ
30695.0,Джалинда,53.46666666666667,123.9,266.0,1896.0,
30703.0,Инга,52.96666666666667,101.98333333333333,541.0,1936.0,
30710.0,Иркутск-обсерватория,52.266666666666666,104.31666666666666,467.0,1830.0,
30716.0,Хомутово,52.46666666666667,104.36666666666666,453.0,1956.0,
30727.0,Большое Голоустное,52.03333333333333,105.41666666666667,461.0,1897.0,Перенос 03.08.1954г. на 2км к С
30745.0,Сосново-Озерское,52.53333333333333,111.55,952.0,1935.0,
30758.0,Чита,52.083333333333336,113.48333333333333,671.0,1890.0,Перенос 24.03.1955г. на 3км к С. До переноса координаты: 52°03′ - 113°29′
30777.0,Сретенск,52.233333333333334,117.7,528.0,1899.0,Перенос в 06.1942г. на 2.5км к ЮЮЗ
30811.0,Тунка,51.733333333333334,102.53333333333333,720.0,1951.0,
30815.0,Хамар-Дабан,51.53333333333333,103.6,1442.0,1936.0,
30822.0,Бабушкин,51.7,105.85,466.0,1940.0,Перенос в 06.1959г. на 2км к З
30823.0,Улан-Удэ,51.833333333333336,107.6,514.0,1847.0,"Переносы: в 08.1901г. на 1км к СВ, в 04.1919г. на 3-5км к ЮВ, в 11.1934г. на 3км к СЗ, в 07.1942г. на 10-15км к ЗЮЗ, в 1947г. обратно., в 1953г. на 1.5км к ЮЗ"
30825.0,Иволгинск,51.75,107.26666666666667,562.0,1965.0,
30844.0,Хилок,51.36666666666667,110.46666666666667,800.0,1901.0,"Хилок, город с 1901-1950гг., коорд.: 51°22′ - 110°27′, с 1951г. ст.Хилок в 7км к В, коорд. 51°21′ - 110°38′, перенос 20.06.1972г. на 4км к З, коорд. 51°21′ - 110°28′, сейчас коорд. 51°22′ - 110°28′"
30859.0,Агинское,51.1,114.51666666666667,680.0,1908.0,
30879.0,Нерчинский завод,51.31666666666667,119.61666666666666,621.0,1839.0,
30915.0,Цакир,50.43333333333333,103.6,984.0,1940.0,
30925.0,Кяхта,50.36666666666667,106.45,791.0,1885.0,
30935.0,Красный Чикой,50.36666666666667,108.75,770.0,1913.0,Перенос в 04.1948г. на 1км к ВСВ
30949.0,Кыра,49.56666666666667,111.96666666666667,907.0,1927.0,
30954.0,Мангут,49.7,112.66666666666667,807.0,1940.0,
30965.0,Борзя,50.4,116.51666666666667,675.0,1901.0,Перенос в 05.1953г. на 1.2км к ССВ
31004.0,Алдан,58.6,125.38333333333334,678.0,1926.0,
31026.0,Учур,58.733333333333334,130.61666666666667,194.0,1934.0,
31062.0,Югоренок,59.766666666666666,137.66666666666666,380.0,1946.0,
31088.0,Охотск,59.36666666666667,143.2,5.0,1789.0,
31092.0,Талон,59.766666666666666,148.63333333333333,19.0,1953.0,
31102.0,Канку,57.65,125.96666666666667,1204.0,1950.0,Перенос 22.03.1964г. на 1.7км к В
31137.0,Токо,56.28333333333333,131.13333333333333,849.0,1945.0,
31152.0,Нелькан,57.65,136.15,326.0,1917.0,Переносы: в 08.1945г. на 3км к Ю; 11.09.1956г.-обратно
31168.0,Аян,56.45,138.15,6.0,1890.0,"Перенос в 11.1931г. на северный берег бухты Аянская на вершину горы, на высоту 60м над уровнем моря. В 10.1937г. перенос на южную окраину пос. Аян вниз по склону"
31174.0,Большой Шантар,54.833333333333336,137.53333333333333,9.0,1924.0,Переносы: 28.09.1935г. на 2-2.5км к ЮВ; 01.11.1958г. на 2км к СЗ
31235.0,Джана,55.31666666666667,134.55,318.0,1952.0,
31253.0,Бомнак,54.71666666666667,128.86666666666667,365.0,1909.0,17.04.1996г. ТДС Бомнак перенесена в п.Бомнак на 7км к ЮЗ
31285.0,Удское,54.5,134.41666666666666,62.0,1939.0,
31329.0,Экимчан,53.083333333333336,132.93333333333334,540.0,1915.0,
31362.0,Литке,53.95,140.33333333333334,22.0,1952.0,
31369.0,Николаевск-на-Амуре,53.15,140.7,45.0,1854.0,"Переносы: до 1909г. в пределах города, в 10.1909 г. на 0.5км к С, 17.06.1949г. на 3км к З (в аэропорт), 22.07.1987г. на 1км к ССЗ, в 2014г. на территорию аэрологического пункта"
31371.0,Черняево,52.78333333333333,126.0,208.0,1902.0,
31388.0,Норск,52.35,129.91666666666666,207.0,1925.0,
31416.0,Им. Полины Осипенко,52.416666666666664,136.5,69.0,1911.0,
31436.0,Джаоре,52.666666666666664,141.28333333333333,5.0,1926.0,
31439.0,Богородское,52.38333333333333,140.46666666666667,33.0,1935.0,
31443.0,Мазаново,51.63333333333333,128.81666666666666,161.0,1909.0,
31459.0,Верхняя Томь,51.35,130.43333333333334,260.0,1927.0,Законсервирована 15.09.1998г.
31478.0,Софийский Прииск,52.266666666666666,133.98333333333332,902.0,1887.0,
31510.0,Благовещенск,50.28333333333333,127.48333333333333,168.0,1859.0,Перенос в 2014г. на 6.5км к СЗ
31532.0,Чекунда,50.86666666666667,132.25,271.0,1934.0,Перенос в 04.1979г. на 7км выше по течению р. Бурея
31538.0,Сутур,50.06666666666667,132.13333333333333,343.0,1939.0,Перенос в 09.1960г. на 2км к В
31562.0,Нижнетамбовское,50.916666666666664,138.18333333333334,24.0,1932.0,"Перенос 28.07.1973г. на 1км к С, с 13.09.2013г.-01.06.2015г. – пост, 01.06.2015г. перенос на 1км к Ю из-за затопления"
31586.0,Константиновка,49.61666666666667,127.96666666666667,117.0,1950.0,
31594.0,Архара,49.416666666666664,130.08333333333334,134.0,1913.0,
31677.0,Солекуль,49.166666666666664,138.05,915.0,1935.0,
31707.0,Екатерино-Никольское,47.733333333333334,130.96666666666667,71.0,1890.0,Перенос в 1912г. на 1-1.5км к В
31725.0,Смидович,48.6,133.83333333333334,50.0,1912.0,
31733.0,Елабуга,48.81666666666667,135.88333333333333,62.0,1938.0,
31735.0,Хабаровск,48.516666666666666,135.11666666666667,88.0,1878.0,
31770.0,Советская Гавань,49.0,140.3,21.0,1913.0,Перенос 01.06.1944г. на 4-5км к С
31788.0,Лермонтовка,47.15,134.33333333333334,75.0,1938.0,
31829.0,Золотой,47.31666666666667,138.98333333333332,27.0,1935.0,"Законсервирована с 05.10.2010г., закрыта 13.11.2014г."
31845.0,Красный Яр,46.53333333333333,135.31666666666666,128.0,1939.0,
31873.0,Дальнереченск,45.86666666666667,133.73333333333332,100.0,1909.0,
31895.0,Мельничное,45.45,135.5,331.0,1935.0,
31909.0,Терней,45.0,136.6,51.0,1925.0,Переносы: в 1940г. на 4км на северо-восточный берег бухты Терней; в 12.1975г. на 5км от побережья вглубь
31915.0,Пограничный,44.4,131.38333333333333,217.0,1902.0,
31931.0,Свиягино,44.8,133.08333333333334,99.0,1938.0,
31959.0,Рудная Пристань,44.36666666666667,135.85,27.0,1932.0,Переносы: 06.12.1933г. на 7км к ЮЗ; 18.05.1937г. на 1км к СВ.
31960.0,Владивосток,43.11666666666667,131.91666666666666,187.0,1917.0,Перенос 17.02.1959г. на 2км к В
31961.0,Тимирязевский,43.88333333333333,131.96666666666667,34.0,1911.0,Переносы: в 05.1914 г. на 2.5км к ЗСЗ; в 12.1920г. на 2км к ССВ; 14.05.1986г. на 2.5км к СЗ; 20.09.1991г. на 1.5км
31969.0,Посьет,42.65,130.8,41.0,1885.0,
31989.0,Преображение,42.9,133.9,44.0,1936.0,
32014.0,Москальво,53.56666666666667,142.5,5.0,1931.0,"Переносы: в 07.1957г. на 2.5км к В, 01.01.1965г. на 2 км к СВ"
32027.0,Погиби,52.21666666666667,141.63333333333333,6.0,1933.0,
32053.0,Ноглики,51.916666666666664,143.13333333333333,35.0,1929.0,Переносы: 18.10.1957 г. на 2км к ЮЗ; 01.10.1962г. на 1.5км к ЮВ
32061.0,Александровск-Сахалинский,50.9,142.16666666666666,30.0,1881.0,"Переносы: в 01.1893г. на 2км к С, в 12.1960г. на 2км к СЗ"
32071.0,Тымовское,50.733333333333334,142.71666666666667,94.0,1886.0,"Переносы: в 1913г. на 5км к С, 26.09.1932г. на 4км к С, 30.05.1935г. на 5км к Ю, в 12.1954г. на 3км к С, 01.11.1966г. на 17 км к С"
32076.0,Пограничное,50.4,143.76666666666668,6.0,1935.0,
32088.0,Углегорск,49.06666666666667,142.03333333333333,39.0,1939.0,Перенос 01.01.1959г. на 2 км к З
32098.0,Поронайск,49.21666666666667,143.1,7.0,1908.0,
32099.0,Мыс Терпения,48.65,144.73333333333332,33.0,1949.0,
32121.0,Ильинский,47.983333333333334,142.2,17.0,1942.0,
32145.0,Невельск,46.666666666666664,141.86666666666667,22.0,1920.0,"Переносы: 01.08.1961г. на 10км к Ю, 01.11.1972г. обратно"
32149.0,Мыс Крильон,45.9,142.08333333333334,34.0,1941.0,
32150.0,Южно-Сахалинск,46.95,142.71666666666667,22.0,1942.0,Переносы: в 09.1946г. на 2.5км к В; 01.01.1949г. на 3км к З
32165.0,Южно-Курильск,44.016666666666666,145.86666666666667,44.0,1947.0,Перенос 01.01.1957г. на 5км к В
32174.0,Курильск,45.25,147.88333333333333,25.0,1904.0,
32213.0,Мыс Лопатка,50.86666666666667,156.68333333333334,48.0,1927.0,
32246.0,Оссора,59.233333333333334,163.06666666666666,6.0,1950.0,Перенос 25.09.1964г. на 3км к Ю
32252.0,Усть-Воямполка,58.5,159.16666666666666,4.0,1935.0,
32287.0,Усть-Хайрюзово,57.083333333333336,156.7,3.0,1932.0,Перенос 01.05.1967г. на 2км к С
32363.0,Эссо,55.93333333333333,158.7,480.0,1941.0,
32389.0,Ключи,56.31666666666667,160.83333333333334,28.0,1885.0,
32411.0,Ича,55.583333333333336,155.58333333333334,5.0,1935.0,
32447.0,Долиновка,55.11666666666667,159.06666666666666,101.0,1936.0,Перенос 01.12.1976г. на 1.2км к С
32477.0,Соболево,54.3,155.91666666666666,25.0,1937.0,
32509.0,Семячик,54.11666666666667,159.98333333333332,28.0,1935.0,
32539.0,Начики,53.11666666666667,157.73333333333332,317.0,1935.0,
32547.0,Сосновка,53.083333333333336,158.3,40.0,1957.0,
32562.0,Большерецк,52.833333333333336,156.3,30.0,1959.0,
32583.0,Петропавловск-Камчатский,52.86666666666667,158.65,32.0,1843.0,Перенос 01.04.1946г. на 2км к Ю
32586.0,Петропавловский маяк,52.88333333333333,158.71666666666667,126.0,1894.0,
32618.0,Остров Беринга,55.2,165.98333333333332,16.0,1899.0,Перенос в 07.1957г. на 1.5км к ЮВ
33166.0,Рыльск,51.56666666666667,34.68333333333333,204.0,1924.0,Перенос в 1967г. на 2.5км к ЮВ
33946.0,Симферополь,45.0,34.0,180.0,1886.0,Перенос в 1984г. на 2.5 км к З.
33976.0,Феодосия,45.0,35.38333333333333,26.0,1981.0,
33983.0,Керчь,45.03333333333333,36.38333333333333,49.0,1936.0,Перенос в 1973г. на 1.1 км к ССВ.
34003.0,Поныри,52.31666666666667,36.3,247.0,1891.0,
34009.0,Курск,51.766666666666666,36.166666666666664,246.0,1833.0,"Перенос 29.06.1957г. на 4км к С, в 1989г. на 3км к ЮЗ"
34026.0,Конь-Колодезь,52.15,39.15,135.0,1893.0,
34059.0,Росташи,51.86666666666667,43.583333333333336,161.0,1950.0,
34110.0,Богородицкое-Фенино,51.166666666666664,37.35,223.0,1890.0,
34123.0,Воронеж,51.7,39.21666666666667,147.0,1918.0,Перенос 29.05.1930г. на 1км к З
34139.0,Каменная Степь,51.05,40.7,193.0,1921.0,
34152.0,Балашов,51.55,43.15,157.0,1900.0,Перенос в 10.1951г. на 1.5км к СВ
34163.0,Октябрьский городок,51.63333333333333,45.45,202.0,1847.0,
34172.0,Саратов,51.56666666666667,46.0,125.0,1836.0,"1836-1911гг..- Саратов, город (координаты 51 o32’- 46 o02’), 1912-1965гг..- Саратов, оп.п. (координаты 51 o34’- 46 o00’), с 1966г. – Саратов, южный; с 01.05.2011г. Саратов Юго-Восток"
34186.0,Ершов,51.36666666666667,48.3,110.0,1901.0,"Переносы: 22.08.1938г. на 1км к СВ; в 11.1967г. на 1км к СВ, 11.07.1987г. на 3км к ЮВ"
34202.0,Готня,50.8,35.766666666666666,225.0,1930.0,Перенос 08.10.1955г. на 2км к СЗ
34240.0,Урюпинск,50.8,42.0,106.0,1858.0,Переносы: в 05.1948г. на 2 км к ВСВ; в 06.1986г. на 1.5 км к ЮВ
34247.0,Калач,50.416666666666664,41.05,90.0,1930.0,Перенос 09.10.1961г. на 1км к В
34289.0,Новоузенск,50.43333333333333,48.13333333333333,32.0,1899.0,
34321.0,Валуйки,50.21666666666667,38.1,111.0,1926.0,Перенос в 1935г. на 3.5км к СЗ
34356.0,Фролово,49.8,43.666666666666664,118.0,1928.0,Перенос в 11.1948г. на 2.5 км к ССВ
34391.0,Александров Гай,50.15,48.55,23.0,1929.0,
34432.0,Чертково,49.38333333333333,40.166666666666664,145.0,1924.0,Перенос 10.12.1958г. на 2.5км к В
34476.0,Эльтон,49.13333333333333,46.85,5.0,1914.0,
34561.0,Волгоград,48.666666666666664,44.45,113.0,1836.0,"Переносы: в 1915г. на 1км к СЗ, с 08.1944г. по 02.1955г. в 20км к ЮЗ (Бекетовка), с 1955г. по 1959г. – сведений о местоположении станции не сохранилось.. С 1.11.1960г.–Волгоград, СХИ (координаты 48 o40’- 44 o27’)"
34579.0,Верхний Баскунчак,48.21666666666667,46.733333333333334,34.0,1908.0,
34646.0,Цимлянск(Волгодонск),47.63333333333333,42.11666666666667,64.0,1930.0,"Переносы: 20.04.1946г. на 1км к С, 14.11.1951г. на 15км к ЮЗ"
34720.0,Таганрог,47.2,38.9,30.0,1816.0,Перенос в 10.1985г. на 4км к З
34730.0,Ростов-на-Дону,47.25,39.81666666666667,81.0,1881.0,"1881-06.1988гг.. – Ростов-на-Дону, оп.ст., ГМО (координаты 47 o15’- 39 o44’), 
07.1988 –1996гг. – Ростов-на-Дону, аэропорт (координаты 47 o15’- 39 o49’), 1997-04.2006гг.-Ростов-на-Дону, М, (координаты 47 o16’- 39 o49’), с 05.2006г. – Ростов-на-Дону (координаты 47o15’- 39 o49’)"
34740.0,Гигант,46.516666666666666,41.35,79.0,1939.0,Перенос 18.11.1970г. на 2 км к В
34759.0,Ремонтное,46.56666666666667,43.666666666666664,105.0,1927.0,
34824.0,Приморско-Ахтарск,46.03333333333333,38.15,3.0,1914.0,
34861.0,Элиста,46.31666666666667,44.3,155.0,1928.0,Переносы:19.04.1944г. на 5км к СВ (координаты 46 o19’- 44 o18’); 07.09.1970г. на 7км к С
34866.0,Яшкуль,46.18333333333333,45.35,-7.0,1928.0,
34880.0,Астрахань,46.28333333333333,47.983333333333334,-22.0,1837.0,Перенос 12.02.1962г. на 11 км к ЮЗ
34927.0,"Краснодар, Круглик",45.05,39.03333333333333,28.0,1881.0,
34949.0,"Ставрополь, АМСГ",45.11666666666667,42.11666666666667,451.0,1914.0,Перенос в 01.1976г. на 10км к СВ
34984.0,Лагань,45.4,47.35,-25.0,1959.0,Переносы: 11.08.1976г. на 4км к ЮЗ; 09.10.1997г. на 3км к С
35007.0,Перелюб,51.86666666666667,50.333333333333336,72.0,1933.0,
35011.0,Сорочинск,52.43333333333333,53.13333333333333,122.0,1934.0,
35026.0,Зилаир,52.21666666666667,57.4,522.0,1932.0,
35041.0,Бреды,52.43333333333333,60.35,309.0,1931.0,"Переносы: 01.01.1936г. на 6км к ССЗ, 04.10.1937г. на 2км к ССЗ"
35121.0,Оренбург,51.68333333333333,55.1,115.0,1843.0,"В 01.1962 г. наблюдения перенесены на ст. Оренбург, аэрол. в 5км к СЗ, в 1975г. на 12км к ЮЗ"
35127.0,Акбулак,51.016666666666666,55.63333333333333,143.0,1927.0,
35233.0,Домбаровский,50.75,59.55,277.0,1937.0,Перенос в 09.1942г. на 20км к ЮВ
36034.0,Рубцовск,51.583333333333336,81.2,216.0,1924.0,"Переносы: 05.11.1942г. на 1.5км к СВ, 05.05.1943г. на 2км к ЮВ, в 08.1955г. на 10км к СЗ"
36038.0,Змеиногорск,51.15,82.16666666666667,354.0,1901.0,Перенос 27.09.1956г. на 1.5км к ЗЮЗ
36045.0,Солонешное,51.63333333333333,84.33333333333333,409.0,1948.0,Перенос 05.11.1963г. на 2км к Ю
36055.0,Кызыл-Озек,51.9,86.0,324.0,1940.0,
36064.0,Яйлю,51.766666666666666,87.6,482.0,1940.0,
36096.0,Кызыл (Тувинский),51.71666666666667,94.5,626.0,1943.0,Переносы: 22.06.1944г. на 2км к В; 01.10.1956г. на 3км к В
36099.0,Сосновка,51.15,94.51666666666667,947.0,1964.0,
36103.0,Тоора-Хем,52.46666666666667,96.1,919.0,1945.0,
36229.0,Усть-Кокса,50.266666666666666,85.61666666666666,977.0,1940.0,
36259.0,Кош-Агач,50.0,88.66666666666667,1759.0,1933.0,Перенос 10.09.1953г. на 1км к СВ
36278.0,Мугур-Аксы,50.36666666666667,90.43333333333334,1850.0,1963.0,
36307.0,Эрзин,50.266666666666666,95.11666666666666,1100.0,1949.0,
36442.0,Кара-Тюрек,50.03333333333333,86.45,2601.0,1940.0,
37001.0,Анапа,44.88333333333333,37.28333333333333,30.0,1899.0,Перенос с 01.1986г. на 2км к Ю
37018.0,Туапсе,44.1,39.06666666666667,60.0,1903.0,
37031.0,Армавир,44.983333333333334,41.11666666666667,158.0,1932.0,"Переносы: 05.09.1933г. на 1км к ЮЗ, 13.09.1963г. на 6км к С"
37054.0,Минеральные Воды,44.21666666666667,43.1,312.0,1938.0,Перенос с 06.1969г. на 3км к З
37061.0,Буденновск,44.78333333333333,44.13333333333333,134.0,1917.0,
37075.0,Южно-Сухокумск,44.65,45.65,19.0,1955.0,
37089.0,Тюлений остров,44.46666666666667,47.483333333333334,-24.0,1959.0,
37099.0,Сочи,43.583333333333336,39.766666666666666,142.0,1870.0,
37107.0,Красная Поляна,43.68333333333333,40.2,564.0,1914.0,
37112.0,Зеленчукская,43.86666666666667,41.56666666666667,928.0,1940.0,
37123.0,Кисловодск,43.9,42.71666666666667,943.0,1881.0,"Переносы: в 10.1926г. из города на Казачью гору, в 12.1937г. на гору Крестовую, в 1973г. на 1км к Ю на гору Пикет"
37126.0,Шаджатмаз,43.733333333333334,42.666666666666664,2070.0,1949.0,
37196.0,Клухорский перевал,43.25,41.833333333333336,2037.0,1959.0,
37228.0,Владикавказ,43.03333333333333,44.68333333333333,702.0,1934.0,"С 07.1934г. до 1974г. - Владикавказ, АМСГ"
37235.0,Грозный,43.25,45.71666666666667,256.0,1870.0,
37244.0,Гудермес,43.35,46.11666666666667,74.0,1940.0,Перенос 08.12.1960г. на 1.5км к Ю
37461.0,"Сулак, высокогорная",42.36666666666667,46.25,2927.0,1930.0,
37470.0,Дербент,42.06666666666667,48.3,-19.0,1886.0,
37471.0,Буйнакск,42.81666666666667,47.11666666666667,472.0,1881.0,
37472.0,Махачкала,43.016666666666666,47.483333333333334,-20.0,1882.0,"Махачкала,порт с 1882г. – 06.1897г., координаты: 42°59′-47°31′. 
Махачкала,маяк: с 07.1897г. по 12.1964г., в 1962г. перенос на 5.5км, координаты: 43°00′-47°30′. С 01.1965г. по 11.1991г. – Махачкала,АЭ, ЮВ окраина, координаты: 42°58′-47°32′. В 1991г.перенос на 9км к СЗ"
37663.0,Ахты,41.46666666666667,47.75,1016.0,1910.0,Перенос 26.11.1963г. на 1.5км к В
